src	tgt	labels
爱迪生，小时候被所有人骂他是低能儿，可是他永有不屈不侥像上的经神，从火海中在站起来，后来他成为了不起的发明家。	爱迪生，小时候被所有人骂他是低能儿，可是他永有不屈不挠向上的精神，从火海中再站起来，后来他成为了不起的发明家。	TTTTTTTTTTTTTTTTTTTTTTTTTTFFTTFTTTTTTFTTTTTTTTTTTTTTTTT
方向就好比一台台的车子，如果坐进去了，车子开到了一半才开始恍然大悟自己上错了车子，那就来不及了，所以一定要拟定好自己的方向和记画。	方向就好比一台台的车子，如果坐进去了，车子开到了一半才开始恍然大悟自己上错了车子，那就来不及了，所以一定要拟定好自己的方向和计划。	TTTTTTTTTTTTTTTTTTTTTTTTTTTTTTTTTTTTTTTTTTTTTTTTTTTTTTTTTTTTTTFFT
首先是工作态度要表现到最佳状态，以好受到上司的肯定及新来。	首先是工作态度要表现到最佳状态，以好受到上司的肯定及信赖。	TTTTTTTTTTTTTTTTTTTTTTTTTTFFT
例如有接到一个电视节目的通告，在那里的工作人员可以说不少且给我们时间完成任务是很短因此若我们可以尽责任，快速地把每样事都完成的令人满意及工作态度很合群，别人看了或多或少一定会觉得我们很不错，直的信赖。	例如有接到一个电视节目的通告，在那里的工作人员可以说不少且给我们时间完成任务是很短因此若我们可以尽责任，快速地把每样事都完成得令人满意及工作态度很合群，别人看了或多或少一定会觉得我们很不错，值得信赖。	TTTTTTTTTTTTTTTTTTTTTTTTTTTTTTTTTTTTTTTTTTTTTTTTTTTTTTTTTTTTTTFTTTTTTTTTTTTTTTTTTTTTTTTTTTTTTTTFFTTT
是的话，很好因为我哪儿时候还没有放假，我可以好好得带你去台北很多好玩跟有名的地方参观参观。	是的话，很好因为我那个时候还没有放假，我可以好好地带你去台北很多好玩跟有名的地方参观参观。	TTTTTTTTTFFTTTTTTTTTTTTTFTTTTTTTTTTTTTTTTTTTT
从那里，我们可以走到纳福境的新光三钺百货公司逛一逛，那里有很多非常漂亮的衣服和作品。	从那里，我们可以走到那附近的新光三越百货公司逛一逛，那里有很多非常漂亮的衣服和作品。	TTTTTTTTTTFFFTTTTFTTTTTTTTTTTTTTTTTTTTTTTT
我最感谢的人应该是我妈妈。我小时候，我觉得她只知怎么道劳刀，不管我的感觉。可是如果现在想一想，我知道她并不是只要劳刀，她是要我当个好人。	我最感谢的人应该是我妈妈。我小时候，我觉得她只知怎么道唠叨，不管我的感觉。可是如果现在想一想，我知道她并不是只要唠叨，她是要我当个好人。	TTTTTTTTTTTTTTTTTTTTTTTTTTTFFTTTTTTTTTTTTTTTTTTTTTTTTTTTFFTTTTTTTTTT
他们有时候，有一点捞到，可是我知道他们担心我。他们付很多钱，所以有时候我对他们很不好意思，可是我感谢的心情比较多。	他们有时候，有一点唠叨，可是我知道他们担心我。他们付很多钱，所以有时候我对他们很不好意思，可是我感谢的心情比较多。	TTTTTTTTTFFTTTTTTTTTTTTTTTTTTTTTTTTTTTTTTTTTTTTTTTTTTTTTT
虽然这个世界每天都有人当妈妈，但真的将妈妈的角色做得好，不是每个人能成功做得到。“妈妈”不尽是个名子，也需要行动配着他。	虽然这个世界每天都有人当妈妈，但真的将妈妈的角色做得好，不是每个人能成功做得到。“妈妈”不仅是个名字，也需要行动配合她。	TTTTTTTTTTTTTTTTTTTTTTTTTTTTTTTTTTTTTTTTTTTTTFTTTFTTTTTTTFFT
万一你不帮我们我们不会参加表，说不定我们可以帮学校布置地方或是发传单还有做广告。有的学生宁可大嫂也不要让大家笑他们所以我们真的需要你帮我们准备好了。	万一你不帮我们我们不会参加表，说不定我们可以帮学校布置地方或是发传单还有做广告。有的学生宁可打扫也不要让大家笑他们所以我们真的需要你帮我们准备好了。	TTTTTTTTTTTTTTTTTTTTTTTTTTTTTTTTTTTTTTTTTTTTTTFFTTTTTTTTTTTTTTTTTTTTTTTTTT
只要你告诉我们做什么我们就做了，不管多就得练习我们都不会放弃。请你告诉我们你可不可以帮我们然后我们准备做什，谢谢。	只要你告诉我们做什么我们就做了，不管多久的练习我们都不会放弃。请你告诉我们你可不可以帮我们然后我们准备做什，谢谢。	TTTTTTTTTTTTTTTTTTTFFTTTTTTTTTTTTTTTTTTTTTTTTTTTTTTTTTTTT
虽然每天练习会很型酷，可是这样就可以变成一个很好的跳舞对，可以一起加油。	虽然每天练习会很辛苦，可是这样就可以变成一个很好的跳舞队，可以一起加油。	TTTTTTTTFFTTTTTTTTTTTTTTTTTFTTTTTTTT
其实我那天要找那家牛肉面餐厅。我老师画给我一个图，还给我一个密码。我在师大夜市找来找去，花了一个小时才找到。但是，那家不像参听或摊，就是一家商店卖玩具的。	其实我那天要找那家牛肉面餐厅。我老师画给我一个图，还给我一个密码。我在师大夜市找来找去，花了一个小时才找到。但是，那家不像餐厅或摊，就是一家商店卖玩具的。	TTTTTTTTTTTTTTTTTTTTTTTTTTTTTTTTTTTTTTTTTTTTTTTTTTTTTTTTTTTTTFFTTTTTTTTTTTTTT
我在法国已经一个礼拜多了，事件真过着很快...我这一次来法国碰到很多很有意思的事，我想跟你说说。	我在法国已经一个礼拜多了，时间真过着很快...我这一次来法国碰到很多很有意思的事，我想跟你说说。	TTTTTTTTTTTTTFFTTTTTTTTTTTTTTTTTTTTTTTTTTTTTTTTT
我今天早上去了“新店”区。台北交通非常方便，从我家走到捷任轫站是十分钟。从“台电大楼”站到“新店”站只要十三分钟。	我今天早上去了“新店”区。台北交通非常方便，从我家走到捷运车站是十分钟。从“台电大楼”站到“新店”站只要十三分钟。	TTTTTTTTTTTTTTTTTTTTTTTTTTTTFFTTTTTTTTTTTTTTTTTTTTTTTTTTT
我们从波澜坐火车到乌克兰，然后坐公车到且而诺贝力去。我们花三天看这个事故的场地，且而诺贝力的核能电厂。	我们从波兰坐火车到乌克兰，然后坐公车到车尔诺贝力去。我们花三天看这个事故的场地，车尔诺贝力的核能电厂。	TTTTFTTTTTTTTTTTTTTFFTTTTTTTTTTTTTTTTTTTFFTTTTTTTTT
从第一天开始，我会叫我的学生先选他们想要开的审议。	从第一天开始，我会叫我的学生先选他们想要开的生意。	TTTTTTTTTTTTTTTTTTTTTTFFT
选完以后我会给他们第一步分的说明；怎么开始他们的审议。审议开始以后，我每天会跟我的学生讲他们做对和绰的方法。	选完以后我会给他们第一部分的说明；怎么开始他们的生意。生意开始以后，我每天会跟我的学生讲他们做对和错的方法。	TTTTTTTTTTTFTTTTTTTTTTTTFFTFFTTTTTTTTTTTTTTTTTTTTFTTTT
我学生可以每天看他们的审议长大。如果他们有什么问题，我会教他们怎么解决这个问题。我不会用书的方法，因为我觉得书不会让学生学到真真的开审议的方法。	我学生可以每天看他们的生意长大。如果他们有什么问题，我会教他们怎么解决这个问题。我不会用书的方法，因为我觉得书不会让学生学到真真的开生意的方法。	TTTTTTTTTTTFFTTTTTTTTTTTTTTTTTTTTTTTTTTTTTTTTTTTTTTTTTTTTTTTTTTTTTFFTTTT
我要少少的班，有大概二十、二十五个学生。	我要小小的班，有大概二十、二十五个学生。	TTFFTTTTTTTTTTTTTTTT
我最希望是他们会爱上语言，就可以学很多语言。去外国可以认识很多的人，就可以借少。	我最希望是他们会爱上语言，就可以学很多语言。去外国可以认识很多的人，就可以介绍。	TTTTTTTTTTTTTTTTTTTTTTTTTTTTTTTTTTTTTFFT
一般来说教语言一方面很有意思，一方面比较经松。上课的时候我应该经经松松地教，不必紧张才让学生觉得上课的气氛很好，所以学生才学得好。	一般来说教语言一方面很有意思，一方面比较轻松。上课的时候我应该轻轻松松地教，不必紧张才让学生觉得上课的气氛很好，所以学生才学得好。	TTTTTTTTTTTTTTTTTTTTFTTTTTTTTTTFFTTTTTTTTTTTTTTTTTTTTTTTTTTTTTTTT
日过我当大学教授的话，我一定要教历史。为什么？因为我对历史非常兴趣。	如果我当大学教授的话，我一定要教历史。为什么？因为我对历史非常兴趣。	FFTTTTTTTTTTTTTTTTTTTTTTTTTTTTTTTT
她的脸百百的、园园的，头发黑黑的，眼睛大大的。他穿的衣服也很适合她，看起来就算是一个女神不说，她的性格也算是非常温柔。	她的脸白白的、圆圆的，头发黑黑的，眼睛大大的。她穿的衣服也很适合她，看起来就算是一个女神不说，她的性格也算是非常温柔。	TTTFFTTFFTTTTTTTTTTTTTTFTTTTTTTTTTTTTTTTTTTTTTTTTTTTTTTTTTT
在那个梦我参加我好朋友的结婚会，在一个法国保诚。人很多，其是地方及死了，但是每一个人看起来好舒服，不注意位子够不够。	在那个梦我参加我好朋友的结婚会，在一个法国堡城。人很多，其实地方挤死了，但是每一个人看起来好舒服，不注意位子够不够。	TTTTTTTTTTTTTTTTTTTTTFFTTTTTTFTTFTTTTTTTTTTTTTTTTTTTTTTTTT
中文对我说是非常很难，不论你会学一千多个字，你不会说很表尊都没有用。	中文对我说是非常很难，不论你会会一千多个字，你不会说很写标都没有用。	TTTTTTTTTTTTTTTFTTTTTTTTTTTFFTTTTT
成功大学的台湾学生一前已经希望了这一种表演。第一个，我要找谁要帮我准备那个地方跟找谁要找钱。最重要的事是找钱因为这个表演要很多钱，所以我希望朋友们可以帮我照前从公司、学校、或是从认识的人。	成功大学的台湾学生以前已经希望了这一种表演。第一个，我要找谁要帮我准备那个地方跟找谁要找钱。最重要的事是找钱因为这个表演要很多钱，所以我希望朋友们可以帮我找钱从公司、学校、或是从认识的人。	TTTTTTTTTFTTTTTTTTTTTTTTTTTTTTTTTTTTTTTTTTTTTTTTTTTTTTTTTTTTTTTTTTTTTTTTTTTTTFFTTTTTTTTTTTTTTT
您的课听得好，总是教的鼓励，我很感动。	您的课听得好，总是教得努力，我很感动。	TTTTTTTTTTFFFTTTTTT
您记者马？我去找您以后，说“请帮助我”，那天以后，您每天帮助我。	您记着吗？我去找您以后，说“请帮助我”，那天以后，您每天帮助我。	TTFFTTTTTTTTTTTTTTTTTTTTTTTTTTTT
从有一天越来越厅的东您的课，我很感谢您的帮助。	从有一天越来越听得懂您的课，我很感谢您的帮助。	TTTTTTTFFFTTTTTTTTTTTTT
我在日本的时候最喜欢的中国菜是炸春卷，古老肉，青椒肉丝。	我在日本的时候最喜欢的中国菜是炸春卷，咕咾肉，青椒肉丝。	TTTTTTTTTTTTTTTTTTTFFTTTTTTT
很多日本人受欢迎，古老肉，青椒肉丝，麻婆豆腐。	很多日本人受欢迎，咕咾肉，青椒肉丝，麻婆豆腐。	TTTTTTTTTFFTTTTTTTTTTTT
我常常跟朋友一起逛夜市，我台湾人的朋友们各各很亲切得每次介绍我不同的台湾小吃。	我常常跟朋友一起逛夜市，我台湾人的朋友们个个很亲切地每次介绍我不同的台湾小吃。	TTTTTTTTTTTTTTTTTTTTFFTTTFTTTTTTTTTTTTT
我觉得在弯房子当一个地方可以来睡觉洗澡看电视房间外面的生活非常方更，饭馆很多活动中心多连公园的运动比赛又热闹又快乐。我宁可住里也不太喜欢回去澳洲的孤单的公园，可是各地方有各的好处。	我觉得台湾房子当一个地方可以来睡觉洗澡看电视房间外面的生活非常方便，饭馆很多活动中心多连公园的运动比赛又热闹又快乐。我宁可住里也不太喜欢回去澳洲的孤单的公园，可是各地方有各的好处。	TTTFFTTTTTTTTTTTTTTTTTTTTTTTTTTTFTTTTTTTTTTTTTTTTTTTTTTTTTTTTTTTTTTTTTTTTTTTTTTTTTTTTTTTTT
当我心情很低弱时，他会安慰我，使我有了更多的自信、也不断的尌励我要做一个坚强的人，别轻易放弃。	当我心情很低落时，他会安慰我，使我有了更多的自信、也不断地鼓励我要做一个坚强的人，别轻易放弃。	TTTTTTFTTTTTTTTTTTTTTTTTTTTTFFTTTTTTTTTTTTTTTTT
我外公住在一个小岛的和尚。国小的暑假跟寒假的时候我跟家人找他。	我外公住在一个小岛的河上。国小的暑假跟寒假的时候我跟家人找他。	TTTTTTTTTTFFTTTTTTTTTTTTTTTTTTT
这部电影让所有的华人要自信更加油站出来照顾华人的文化，不要被别人、别的国家起伏，华人也是人，有生活目的，有生命！	这部电影让所有的华人要自信更加油站出来照顾华人的文化，不要被别人、别的国家欺负，华人也是人，有生活目的，有生命！	TTTTTTTTTTTTTTTTTTTTTTTTTTTTTTTTTTTTTFFTTTTTTTTTTTTTTTTT
先在我们也可以看“业问二”了。我已经看两次了！根也瘟疫一样超好看！！！	现在我们也可以看“叶问二”了。我已经看两次了！跟叶问一一样超好看！！！	FTTTTTTTTFTTTTTTTTTTTTTFFFFTTTTTTTT
我看到一只母狮，牠碰到一只小鹿，小鹿看起来不到三个月，很可爱又洒叫不知道要怕母狮。那只母狮不旦煤伤害小鹿，反而照顾了七天六夜。	我看到一只母狮，牠碰到一只小鹿，小鹿看起来不到三个月，很可爱又撒娇不知道要怕母狮。那只母狮不但没伤害小鹿，反而照顾了七天六夜。	TTTTTTTTTTTTTTTTTTTTTTTTTTTTTTTFFTTTTTTTTTTTTTFFTTTTTTTTTTTTTTT
我们都知道他爱看韩国的电影，还有喜欢看美国蓝求比赛。	我们都知道他爱看韩国的电影，还有喜欢看美国篮球比赛。	TTTTTTTTTTTTTTTTTTTTTFFTTT
有一天我跟朋友们一起去参加一个生日的排队。那边我碰到一个非常棒的男生！他的名字是“大沙”。	有一天我跟朋友们一起去参加一个生日的派对。那边我碰到一个非常棒的男生！他的名字是“大沙”。	TTTTTTTTTTTTTTTTTTFFTTTTTTTTTTTTTTTTTTTTTTTTT
我们在吃饭的时候，很像一个电影，那个餐厅的换经费产适合跟你喜欢的人去吃饭。	我们在吃饭的时候，很像一个电影，那个餐厅的环境非常适合跟你喜欢的人去吃饭。	TTTTTTTTTTTTTTTTTTTTTFFFFTTTTTTTTTTTT
她常常照顾她姐姐的还在因为她最喜欢孩子，觉得她要有孩。我希望你回答我的信。	她常常照顾她姐姐的孩子因为她最喜欢孩子，觉得她要有孩。我希望你回答我的信。	TTTTTTTTTFFTTTTTTTTTTTTTTTTTTTTTTTTTT
蒋介石当四地位国命军委员的总统，说四地位可以领导中国的军团。	蒋介石当史迪威国民军委员的总统，说史迪威可以领导中国的军团。	TTTTFFFTFTTTTTTTTFFFTTTTTTTTTT
四地位的看法是“国命军太大，有太多弱得军团，太多将军又腐败又不职业，不能失败日本”，所以要注销一半个军团，把军人建设实力的军团。	史迪威的看法是“国民军太大，有太多弱的军团，太多将军又腐败又不职业，不能失败日本”，所以要注销一半个军团，把军人建设实力的军团。	FFFTTTTTTFTTTTTTTTFTTTTTTTTTTTTTTTTTTTTTTTTTTTTTTTTTTTTTTTTTTTTT
这本书主要形容一位本来没有钱的老先生，可是后来变成有钱的人。那位老人开了一个店，卖衣服的店。在那个店里卖的那些衣服都是他跟他的老婆做的。他们开那个店的时候没有人对他们卖的东西感兴去，而他们没天很辛苦的作那些衣服，他们的销售没月底都是很差，可是后来人慢慢地愿意买他们的货，所以他们是这样变成有钱的人。	这本书主要形容一位本来没有钱的老先生，可是后来变成有钱的人。那位老人开了一个店，卖衣服的店。在那个店里卖的那些衣服都是他跟他的老婆做的。他们开那个店的时候没有人对他们卖的东西感兴趣，而他们每天很辛苦地做那些衣服，他们的销售每月底都是很差，可是后来人慢慢地愿意买他们的货，所以他们是这样变成有钱的人。	TTTTTTTTTTTTTTTTTTTTTTTTTTTTTTTTTTTTTTTTTTTTTTTTTTTTTTTTTTTTTTTTTTTTTTTTTTTTTTTTTTTTTTTTTFTTTTFTTTTFFTTTTTTTTTTFTTTTTTTTTTTTTTTTTTTTTTTTTTTTTTTTTTTTT
公寓在师大夜市旁边，但是情况很案情。交通非常方便，不管要去哪里，捷运、公车都有。	公寓在师大夜市旁边，但是情况很安静。交通非常方便，不管要去哪里，捷运、公车都有。	TTTTTTTTTTTTTTTFFTTTTTTTTTTTTTTTTTTTTTTT
大楼附近你会有很方便的交通站，我觉得及脚踏车比较好，因为你会有停脚踏车的地方在外面啊、通过后面的街啊、家里啊，搜仪我觉得没有问题。	大楼附近你会有很方便的交通站，我觉得骑脚踏车比较好，因为你会有停脚踏车的地方在外面啊、通过后面的街啊、家里啊，所以我觉得没有问题。	TTTTTTTTTTTTTTTTTTFTTTTTTTTTTTTTTTTTTTTTTTTTTTTTTTTTTTTFFTTTTTTTT
大楼附近超市，便利店，夜市也有。所以，生活的环境也不错。我觉得夜里的房子很干净，交通跟旁边的环境很好。	大楼附近超市，便利店，夜市也有。所以，生活的环境也不错。我觉得夜里的房子很安静，交通跟旁边的环境很好。	TTTTTTTTTTTTTTTTTTTTTTTTTTTTTTTTTTTTTFFTTTTTTTTTTTT
你要是错过这么好房间，没有更好的房间喔！你应该早点决定吧！给我连路，拜拜。	你要是错过这么好房间，没有更好的房间喔！你应该早点决定吧！给我联络，拜拜。	TTTTTTTTTTTTTTTTTTTTTTTTTTTTTTTFFTTTT
看电影时候，我都觉得这个电影很有意思，可是现在我把什么事都不济的。	看电影时候，我都觉得这个电影很有意思，可是现在我把什么事都不记得。	TTTTTTTTTTTTTTTTTTTTTTTTTTTTTTFFT
身体建錓。	身体健康。	TTFFT
我以前想要高诉你，可是我忘了。我真户秃。	我以前想要告诉你，可是我忘了。我真糊涂。	TTTTTFTTTTTTTTTTTFFT
今天我写这张信球球你帮我买一间房子。	今天我写这张信求求你帮我买一间房子。	TTTTTTTFFTTTTTTTTT
下星期是我的第第生日，他和我的父母想请他的两个朋友来。	下星期是我的弟弟生日，他和我的父母想请他的两个朋友来。	TTTTTTFFTTTTTTTTTTTTTTTTTTT
他们的吵翻很不错，再说他们做的咖哩鸡也好吃！	他们的炒饭很不错，再说他们做的咖哩鸡也好吃！	TTTFFTTTTTTTTTTTTTTTTT
先宰我的中文真不好。	现在我的中文真不好。	FFTTTTTTTT
你可以告诉我那家书店有中文数马？	你可以告诉我那家书店有中文书吗？	TTTTTTTTTTTTTFFT
可是很多外国人很喜欢赛太杨在海边，在印尼有很多外国人来路性。	可是很多外国人很喜欢晒太阳在海边，在印尼有很多外国人来旅行。	TTTTTTTTTTFTFTTTTTTTTTTTTTTFFT
他再也不会撤扬。	他再也不会这样。	TTTTTFFT
他很赤道，所以不换衣服，也不吃早饭，他起床很快。	他很迟到，所以不换衣服，也不吃早饭，他起床很快。	TTFFTTTTTTTTTTTTTTTTTTTT
今天不是他第一次赤道，李大明常常赤道中文课。	今天不是他第一次迟到，李大明常常迟到中文课。	TTTTTTTTFFTTTTTTFFTTTT
他想：“这样我一定会持刀的！怎么办？”。	他想：“这样我一定会迟到的！怎么办？”。	TTTTTTTTTTFFTTTTTTTT
老师很生气，就跟他说：“别再持刀！如果你又这样，我就不让你进来教室，知道了吗？”。	老师很生气，就跟他说：“别再迟到！如果你又这样，我就不让你进来教室，知道了吗？”。	TTTTTTTTTTTTTTFFTTTTTTTTTTTTTTTTTTTTTTTTT
他想来想去明天告诉他们应该会多案情一点。	他想来想去明天告诉他们应该会多安静一点。	TTTTTTTTTTTTTTTFFTTT
我的家有爸爸、吗吗、哥哥跟我。	我的家有爸爸、妈妈、哥哥跟我。	TTTTTTTFFTTTTTT
有吗吗、弟弟、姊姊还有我。	有妈妈、弟弟、姊姊还有我。	TFFTTTTTTTTTT
不好意思！我不可以去，因为我很忙这个月很少修息，下次我们一起持分号码？	不好意思！我不可以去，因为我很忙这个月很少休息，下次我们一起吃饭好吗？	TTTTTTTTTTTTTTTTTTTTTFTTTTTTTTFFFFT
我们很不好意思因为我们的衣服很脏，可是福物生对我们很客气，他告诉我们不要担心。	我们很不好意思因为我们的衣服很脏，可是服务生对我们很客气，他告诉我们不要担心。	TTTTTTTTTTTTTTTTTTTFFTTTTTTTTTTTTTTTTTT
我的好朋友，你好！习惯你的生活都很好。	我的好朋友，你好！希望你的生活都很好。	TTTTTTTTTFFTTTTTTTT
我等你的答案，习惯你下个月也有时间。	我等你的答案，希望你下个月也有时间。	TTTTTTTFFTTTTTTTTT
你要去的话，请你把间信寄给我。	你要去的话，请你把简讯寄给我。	TTTTTTTTTFFTTTT
没关系，我去握放看一看冰箱里有什么。	没关系，我去卧房看一看冰箱里有什么。	TTTTTTFFTTTTTTTTTT
我去握放，我拿东西回去给我的朋友。	我去卧房，我拿东西回去给我的朋友。	TTFFTTTTTTTTTTTTT
你不要以为那个人认为你是个坏人，他很可能因为意识到钱不见而心理放忖大乱。	你不要以为那个人认为你是个坏人，他很可能因为意识到钱不见而心理方寸大乱。	TTTTTTTTTTTTTTTTTTTTTTTTTTTTTTTFFTTT
美英要不要式式看。	美英要不要试试看。	TTTTTFFTT
空气物染、水质物然、地球暖化、动植物面临绝种等是我们正在面对的经济发展后果。	空气污染、水质污染、地球暖化、动植物面临绝种等是我们正在面对的经济发展后果。	TTFTTTTFFTTTTTTTTTTTTTTTTTTTTTTTTTTTTT
结果他们看不起学不好的同学，为了作工课不做该负责的学校的事情，就变成了一个很自私的人。	结果他们看不起学不好的同学，为了做功课不做该负责的学校的事情，就变成了一个很自私的人。	TTTTTTTTTTTTTTTTFFTTTTTTTTTTTTTTTTTTTTTTTTT
这销析对你来说应该是很刺刺的，可是你也应该了解我的点子。	这消息对你来说应该是很刺刺的，可是你也应该了解我的点子。	TFFTTTTTTTTTTTTTTTTTTTTTTTTT
我要当医生，好好而的研究医术，希望可以帮忙他们快一点回复，实现自己的梦想，这就是我的梦想！	我要当医生，好好儿地研究医术，希望可以帮忙他们快一点恢复，实现自己的梦想，这就是我的梦想！	TTTTTTTTFFTTTTTTTTTTTTTTTTFTTTTTTTTTTTTTTTTTT
他如果作的不好您还是可以换个人选，但是我觉得弟弟一定会尽力因为他不想让爸爸失望。	他如果做得不好您还是可以换个人选，但是我觉得弟弟一定会尽力因为他不想让爸爸失望。	TTTFFTTTTTTTTTTTTTTTTTTTTTTTTTTTTTTTTTTT
她们之所以会有着重病是因为她们正天待在家陪小孩，而没有机会出去接触外面的世界。	她们之所以会有这种病是因为她们整天待在家陪小孩，而没有机会出去接触外面的世界。	TTTTTTTFFTTTTTTFTTTTTTTTTTTTTTTTTTTTTTT
但是我又想，自己有知识只要坚定去做一选择的目标，总可以克服可观影响的...所以我就开发六学有雪方面。	但是我又想，自己有知识只要坚定去做一选择的目标，总可以克服可观影响的...所以我就开发留学游学方面。	TTTTTTTTTTTTTTTTTTTTTTTTTTTTTTTTTTTTTTTTTTTFTFFTTT
还有几天才到我的生日，如果到时侯姓青号一点再去，这次没办法参加我的生日没关系，有空的时候我回去找你喔。	还有几天才到我的生日，如果到时侯心情好一点再去，这次没办法参加我的生日没关系，有空的时候我会去找你喔。	TTTTTTTTTTTTTTTTFFFTTTTTTTTTTTTTTTTTTTTTTTTTTFTTTTT
但是如果你坐着一些一定要跟其他人不一样，所以客户可以感觉到你的优点及会喜欢你的产品。	但是如果你做这一些一定要跟其他人不一样，所以客户可以感觉到你的优点及会喜欢你的产品。	TTTTTFFTTTTTTTTTTTTTTTTTTTTTTTTTTTTTTTTTTT
那看这个孩子的青框我怎么办呢？当初我每天下课以后让他用教室里的电脑自己来学习电脑和网罗到底是怎么用的。	那看这个孩子的情况我怎么办呢？当初我每天下课以后让他用教室里的电脑自己来学习电脑和网络到底是怎么用的。	TTTTTTTFFTTTTTTTTTTTTTTTTTTTTTTTTTTTTTTTTTFTTTTTTTT
我很支持“加场限制青少年上网实数”，理由是因为青少年不应该一整天在家里窝着然后坐在电脑前面。	我很支持“家长限制青少年上网时数”，理由是因为青少年不应该一整天在家里窝着然后坐在电脑前面。	TTTTTFFTTTTTTTFTTTTTTTTTTTTTTTTTTTTTTTTTTTTTTT
因为他花太多时间跟朋友们玩电脑游戏，怕他的成绩会差。我爸妈每次劳到他要做功课。	因为他花太多时间跟朋友们玩电脑游戏，怕他的成绩会差。我爸妈每次唠叨他要做功课。	TTTTTTTTTTTTTTTTTTTTTTTTTTTTTTTFFTTTTTT
水饺和新鲜的空气都很重要，对不对？	睡觉和新鲜的空气都很重要，对不对？	FFTTTTTTTTTTTTTTT
我是王天华，家里就在于您工厂的附近，邻居们摆脱我当他们的代表人给李厂长写了这封信。	我是王天华，家里就在于您工厂的附近，邻居们拜托我当他们的代表人给李厂长写了这封信。	TTTTTTTTTTTTTTTTTTTTTFFTTTTTTTTTTTTTTTTTT
我你那情的时候，也在您的工厂打工。	我你年轻的时候，也在您的工厂打工。	TTFFTTTTTTTTTTTTT
长时居住于李厂长至附近，最近本人和其邻居发现李厂长的工厂负面的影响我们住民的生活平直。	长时居住于李厂长之附近，最近本人和其邻居发现李厂长的工厂负面的影响我们住民的生活品质。	TTTTTTTTFTTTTTTTTTTTTTTTTTTTTTTTTTTTTTTTFFT
噪音会影响睡眠平直，孩子无法在家里专心的写功课，更无法在家里休息。	噪音会影响睡眠品质，孩子无法在家里专心的写功课，更无法在家里休息。	TTTTTTTFFTTTTTTTTTTTTTTTTTTTTTTTT
对居民而言，臭味是一项我们真不好意思提出的问题，不过本人向李厂长说，臭味也会影响生活平直。	对居民而言，臭味是一项我们真不好意思提出的问题，不过本人向李厂长说，臭味也会影响生活品质。	TTTTTTTTTTTTTTTTTTTTTTTTTTTTTTTTTTTTTTTTTTFFT
居民认为工厂造成的污染会危险我们的身命，因此希望李厂长会进行一项全面调查，刺量工厂对居民的危险度。	居民认为工厂造成的污染会威胁我们的生命，因此希望李厂长会进行一项全面调查，测量工厂对居民的危险度。	TTTTTTTTTTTTFFTTTFTTTTTTTTTTTTTTTTTTTFTTTTTTTTTTT
关于你工厂臭味的问题，也已经让你工厂的邻居受不了了，连我们的食物受到这个臭味的印象。	关于你工厂臭味的问题，也已经让你工厂的邻居受不了了，连我们的食物受到这个臭味的影响。	TTTTTTTTTTTTTTTTTTTTTTTTTTTTTTTTTTTTTTTFFT
你的工厂机器声音是海曼大声，我家已经离您的工厂很远，可是还会听到。	你的工厂机器声音是还蛮大声，我家已经离您的工厂很远，可是还会听到。	TTTTTTTTTFFTTTTTTTTTTTTTTTTTTTTTT
我们相信您可以了解和可以马上决绝这问题，可是如果您不处理，我们就没办法还是要把这问题带到法庭那边决绝。	我们相信您可以了解和可以马上解决这问题，可是如果您不处理，我们就没办法还是要把这问题带到法庭那边解决。	TTTTTTTTTTTTTTFFTTTTTTTTTTTTTTTTTTTTTTTTTTTTTTTTFFT
我们希望你会了解我们的困难，所以今天写这份信给你，麻烦李厂长帮我们假借这个问题。	我们希望你会了解我们的困难，所以今天写这份信给你，麻烦李厂长帮我们解决这个问题。	TTTTTTTTTTTTTTTTTTTTTTTTTTTTTTTTTFFTTTTT
我们觉得你们可以理由他们的钱买更多的设备。	我们觉得你们可以利用他们的钱买更多的设备。	TTTTTTTTFFTTTTTTTTTTT
然后你们工厂应该要盖起来比较高高厚厚的床比。	然后你们工厂应该要盖起来比较高高厚厚的墙壁。	TTTTTTTTTTTTTTTTTTTFFT
父母随时随地可以看到集资的小孩子，就会觉得安心，小孩子也会感到安全感。	父母随时随地可以看到自己的小孩子，就会觉得安心，小孩子也会感到安全感。	TTTTTTTTTTFFTTTTTTTTTTTTTTTTTTTTTTT
父母要了解他们不应该干涉教育过程、批评老师的教法，是因为设施校长的工作。	父母要了解他们不应该干涉教育过程、批评老师的教法，是因为这是校长的工作。	TTTTTTTTTTTTTTTTTTTTTTTTTTTTFFTTTTTT
我认为现在的家人太依赖老师帮他们把小孩子的基本礼貌该好，父母亲馅子很忙的工作所以没有空陪小孩子，然后小孩子不懂外面的规定。	我认为现在的家人太依赖老师帮他们把小孩子的基本礼貌改好，父母亲现在很忙的工作所以没有空陪小孩子，然后小孩子不懂外面的规定。	TTTTTTTTTTTTTTTTTTTTTTTTTFTTTTTFFTTTTTTTTTTTTTTTTTTTTTTTTTTTT
一天装饰是看都还可以，可是每天这，应该不太方，也不对。	一天装试试看都还可以，可是每天这，应该不太方，也不对。	TTTFFTTTTTTTTTTTTTTTTTTTTTT
在家说，装摄影机也意义学校不相信老师。	再加说，装摄影机也意义学校不相信老师。	FFTTTTTTTTTTTTTTTTT
但是我觉的学教有焋影机也好，如有发生意外老师们关查比交容易，不一定给家长在家有没有看到，还是有义，我们也要安心学校的教法。	但是我觉得学校有装影机也好，如有发生意外老师们观察比较容易，不一定给家长在家有没有看到，还是有益，我们也要安心学校的教法。	TTTTFTFTFTTTTTTTTTTTTTTFFTFTTTTTTTTTTTTTTTTTTTTFTTTTTTTTTTTTT
这样学校及父母们都会知道也会有小朋友每天活动的挤入。	这样学校及父母们都会知道也会有小朋友每天活动的记录。	TTTTTTTTTTTTTTTTTTTTTTTFFT
